{
  "project_info": {
    "project_number": "649052490567",
    "project_id": "login-register-firebase-e743b",
    "storage_bucket": "login-register-firebase-e743b.appspot.com"
  },
  "client": [
    {
      "client_info": {
        "mobilesdk_app_id": "1:649052490567:android:a41053653d79eb92acda62",
        "android_client_info": {
          "package_name": "com.codegama.todolistapplication"
        }
      },
      "oauth_client": [
        {
          "client_id": "649052490567-6mr5nrt9bi9e14a63j1k06odngk4f2ja.apps.googleusercontent.com",
          "client_type": 3
        }
      ],
      "api_key": [
        {
          "current_key": "AIzaSyBQuvQJnMGVWpQE8-8hB638d3YD6oBuVbY"
        }
      ],
      "services": {
        "appinvite_service": {
          "other_platform_oauth_client": [
            {
              "client_id": "649052490567-6mr5nrt9bi9e14a63j1k06odngk4f2ja.apps.googleusercontent.com",
              "client_type": 3
            }
          ]
        }
      }
    },
    {
      "client_info": {
        "mobilesdk_app_id": "1:649052490567:android:cfb224a249eb4c93acda62",
        "android_client_info": {
          "package_name": "com.example.dailytaskoto"
        }
      },
      "oauth_client": [
        {
          "client_id": "649052490567-6mr5nrt9bi9e14a63j1k06odngk4f2ja.apps.googleusercontent.com",
          "client_type": 3
        }
      ],
      "api_key": [
        {
          "current_key": "AIzaSyBQuvQJnMGVWpQE8-8hB638d3YD6oBuVbY"
        }
      ],
      "services": {
        "appinvite_service": {
          "other_platform_oauth_client": [
            {
              "client_id": "649052490567-6mr5nrt9bi9e14a63j1k06odngk4f2ja.apps.googleusercontent.com",
              "client_type": 3
            }
          ]
        }
      }
    },
    {
      "client_info": {
        "mobilesdk_app_id": "1:649052490567:android:c458dcebf15c5ff2acda62",
        "android_client_info": {
          "package_name": "com.example.login"
        }
      },
      "oauth_client": [
        {
          "client_id": "649052490567-6mr5nrt9bi9e14a63j1k06odngk4f2ja.apps.googleusercontent.com",
          "client_type": 3
        }
      ],
      "api_key": [
        {
          "current_key": "AIzaSyBQuvQJnMGVWpQE8-8hB638d3YD6oBuVbY"
        }
      ],
      "services": {
        "appinvite_service": {
          "other_platform_oauth_client": [
            {
              "client_id": "649052490567-6mr5nrt9bi9e14a63j1k06odngk4f2ja.apps.googleusercontent.com",
              "client_type": 3
            }
          ]
        }
      }
    },
    {
      "client_info": {
        "mobilesdk_app_id": "1:649052490567:android:5ef7d3243636cfc2acda62",
        "android_client_info": {
          "package_name": "com.example.upload_image"
        }
      },
      "oauth_client": [
        {
          "client_id": "649052490567-6mr5nrt9bi9e14a63j1k06odngk4f2ja.apps.googleusercontent.com",
          "client_type": 3
        }
      ],
      "api_key": [
        {
          "current_key": "AIzaSyBQuvQJnMGVWpQE8-8hB638d3YD6oBuVbY"
        }
      ],
      "services": {
        "appinvite_service": {
          "other_platform_oauth_client": [
            {
              "client_id": "649052490567-6mr5nrt9bi9e14a63j1k06odngk4f2ja.apps.googleusercontent.com",
              "client_type": 3
            }
          ]
        }
      }
    }
  ],
  "configuration_version": "1"
}